{
    "Overall_scoring": 32.8647304259747,
    "bug_issue": 0.0,
    "download": 35.154623064158706,
    "software_universality": 1.0,
    "star": 28.16902906571479,
    "version_update_stability": 100
}