{
    "Overall_scoring": 94.27162932801151,
    "bug_issue": 100,
    "download": 100,
    "software_universality": 100,
    "star": 77.2363659189391,
    "version_update_stability": 94.12178072111847
}