{
    "Overall_scoring": 66.89709372306027,
    "bug_issue": 0.0,
    "download": 100,
    "software_universality": 100,
    "star": 34.48546861530133,
    "version_update_stability": 100
}