{
    "Overall_scoring": 92.61734716368221,
    "bug_issue": 100,
    "download": 100,
    "software_universality": 97.07697484593203,
    "star": 66.00976097247897,
    "version_update_stability": 100
}