{
    "Overall_scoring": 68.99831627270795,
    "bug_issue": 0.0,
    "download": 100,
    "software_universality": 100,
    "star": 53.881652285525576,
    "version_update_stability": 91.10992907801419
}