{
    "Overall_scoring": 63.73672512908948,
    "bug_issue": 0.0,
    "download": 100,
    "software_universality": 70.51992521715535,
    "star": 53.5333149407637,
    "version_update_stability": 94.63038548752836
}