{
    "Overall_scoring": 94.66346388943666,
    "bug_issue": 100,
    "download": 100,
    "software_universality": 100,
    "star": 83.84038024382893,
    "version_update_stability": 89.4769392033543
}