{
    "Overall_scoring": 63.836982358782166,
    "bug_issue": 0.0,
    "download": 100,
    "software_universality": 77.43136819533864,
    "star": 41.75354359857218,
    "version_update_stability": 100
}