{
    "Overall_scoring": 65.206865800683,
    "bug_issue": 0.0,
    "download": 100,
    "software_universality": 100,
    "star": 54.55020201928807,
    "version_update_stability": 71.48412698412699
}