{
    "Overall_scoring": 64.5406392394727,
    "bug_issue": 0.0,
    "download": 100,
    "software_universality": 97.64170974564733,
    "star": 25.061486451716153,
    "version_update_stability": 100
}