{
    "Overall_scoring": 67.60854057913022,
    "bug_issue": 0.0,
    "download": 100,
    "software_universality": 100,
    "star": 38.04270289565113,
    "version_update_stability": 100
}