{
    "Overall_scoring": 96.96121203871468,
    "bug_issue": 100,
    "download": 90.60386433690397,
    "software_universality": 100,
    "star": 99.72071437518788,
    "version_update_stability": 94.4814814814815
}