{
    "Overall_scoring": 68.83493415136171,
    "bug_issue": 0.0,
    "download": 100,
    "software_universality": 97.56109345455377,
    "star": 46.61357730225473,
    "version_update_stability": 100
}