{
    "Overall_scoring": 60.1011757336518,
    "bug_issue": 0.0,
    "download": 100,
    "software_universality": 100,
    "star": 29.471828489047542,
    "version_update_stability": 71.03405017921148
}