{
    "Overall_scoring": 92.12070863503841,
    "bug_issue": 100,
    "download": 100,
    "software_universality": 100,
    "star": 60.60354317519204,
    "version_update_stability": 100
}