{
    "Overall_scoring": 73.41176142553091,
    "bug_issue": 0.0,
    "download": 100,
    "software_universality": 100,
    "star": 67.05880712765455,
    "version_update_stability": 100
}