{
    "Overall_scoring": 80.32983747029243,
    "bug_issue": 100,
    "download": 100,
    "software_universality": 58.05744639380394,
    "star": 73.2563500111561,
    "version_update_stability": 70.33539094650206
}