{
    "Overall_scoring": 70.48504928792431,
    "bug_issue": 0.0,
    "download": 100,
    "software_universality": 100,
    "star": 52.42524643962158,
    "version_update_stability": 100
}